bike_id,is_reserved,current_fuel_percent,geometry,timestamp
4a5df4d4-4518-40dc-a9c0-cbb689ad61ae,False,0.0,POINT (-61675.89595706847 5601761.165258177),2024-05-20_18-09-47
b55a55f2-5ae2-4135-89ad-105ed473bf37,False,0.0,POINT (-61668.771509657694 5601767.2915910855),2024-05-20_18-09-47
05bc0773-77bf-4db7-a196-38f515fd3d60,False,0.86021507,POINT (-65893.01222679004 5597662.79353197),2024-05-20_18-09-47
d5b38a5e-ca0e-4fe1-bac6-9a53baeac53d,False,0.8064516,POINT (-63771.59669074263 5592255.584050796),2024-05-20_18-09-47
c18981e3-761b-4de1-a5f5-129f45aa67d8,False,0.8064516,POINT (-61961.98704840718 5594368.920959136),2024-05-20_18-09-47
2a99fcdf-e240-427c-8ffb-4c1098368f51,False,0.67741936,POINT (-65326.72997712466 5595023.926468781),2024-05-20_18-09-47
e93c1150-78bb-4cb5-b4d3-c8ec2073c990,False,0.827957,POINT (-60500.25081480071 5602404.452884077),2024-05-20_18-09-47
fc40552e-e093-4307-bbc2-6af002ee3c91,False,0.38709676,POINT (-61943.5080129355 5594368.293130929),2024-05-20_18-09-47
75b49fcb-a6f2-4f72-9ef3-4096d9dced7f,False,0.3548387,POINT (-67740.6931349768 5598385.558873284),2024-05-20_18-09-47
ad759571-71bf-415e-97cb-ed2ee9a6154c,False,0.48387095,POINT (-59975.602054692 5598381.162124782),2024-05-20_18-09-47
7b819163-7bb9-4e41-ab24-01a3ea13449f,False,0.40860215,POINT (-67661.87893549517 5596514.621413345),2024-05-20_18-09-47
592b0791-adf9-43f5-88ff-fe2b0e573928,False,0.516129,POINT (-62604.411829775156 5593425.5012767045),2024-05-20_18-09-47
d7357ed8-c257-4e75-baa3-8392eff5b567,False,0.516129,POINT (-62445.781555394744 5596673.97202175),2024-05-20_18-09-47
a3713098-9b17-493b-b294-1bd56f200beb,False,0.39784947,POINT (-65310.47733146884 5597055.953925348),2024-05-20_18-09-47
334db9f8-dc4f-4436-9e30-4192ac457a83,False,0.58064514,POINT (-65166.652549363935 5596373.798631078),2024-05-20_18-09-47
174c341a-539d-4e47-85ea-8f69b8b5cd2b,False,0.4516129,POINT (-65157.07907315571 5596367.361967673),2024-05-20_18-09-47
5a718fc8-d709-4a67-917b-d8b8ef3e6a48,False,0.56989247,POINT (-65099.86085488797 5594842.943689439),2024-05-20_18-09-47
484ee550-ce0f-45a9-9ee1-7ee385e14c10,False,0.38709676,POINT (-62022.9901293619 5594066.3128137225),2024-05-20_18-09-47
35dfeaa4-c6f5-4e9e-bc7f-f3ec2c8b5b3e,False,0.78494626,POINT (-68633.58677062966 5599613.748645847),2024-05-20_18-09-47
6cfdfd24-c5d1-47d6-af13-f2b783773d87,False,0.8172043,POINT (-62933.69488354166 5592228.593781771),2024-05-20_18-09-47
fabd22c8-87be-4ce4-8b88-29293103f31a,False,0.94623655,POINT (-63136.18503729463 5594523.211061871),2024-05-20_18-09-47
9c582e1b-1c85-4c4b-a87b-7c481151e5ea,False,0.86021507,POINT (-63662.50358976522 5594997.2418765295),2024-05-20_18-09-47
c3eac6c8-074b-4dbf-b82a-f194acf87b05,False,0.8817204,POINT (-65283.538014696875 5596299.698783175),2024-05-20_18-09-47
95a997ce-9281-46ac-b883-de185d5b8294,False,0.9354839,POINT (-65372.92756580387 5596303.466557405),2024-05-20_18-09-47
8921e090-1767-4985-80bc-d1f809e9c575,False,0.6344086,POINT (-65188.47116955941 5597999.59530809),2024-05-20_18-09-47
6a4ec06b-5d68-4a81-82b3-86ca486a4c4a,False,0.8817204,POINT (-63520.34860002222 5598502.073487486),2024-05-20_18-09-47
c55a3165-452a-433f-ab0c-a6090ff7b455,False,0.9032258,POINT (-67829.41476913904 5597014.505047037),2024-05-20_18-09-47
9b4b886f-ff87-4c2f-bfef-1cca2502cab3,False,0.827957,POINT (-65928.74578333469 5595313.53784157),2024-05-20_18-09-47
366746bc-378b-49f0-994a-58864b0a7750,False,0.0,POINT (-61727.325561814956 5601863.7426102515),2024-05-20_18-09-47
40d7e855-f972-4051-b3a6-dabe8ecfa80a,False,0.50537634,POINT (-67832.19775640887 5597029.734347676),2024-05-20_18-09-47
912fe435-2e7c-452c-802d-a2e543347ff3,False,0.94623655,POINT (-61558.119935809176 5600605.247658384),2024-05-20_18-09-47
f14d0e18-d4c3-4e82-a394-22abf9ebd391,False,0.8924731,POINT (-61323.79240768933 5601081.011037475),2024-05-20_18-09-47
8982d513-8fb9-4ae8-b2e3-0f86187aafec,False,0.47311828,POINT (-65770.78342589903 5598644.656756066),2024-05-20_18-09-47
889b6811-3bb6-45e4-a34b-f1433b21d315,False,0.49462366,POINT (-61329.91497968296 5601062.790519642),2024-05-20_18-09-47
2c168f0d-1373-43dd-beb5-20844d7d82c1,False,0.83870965,POINT (-62030.114576772656 5594179.475774633),2024-05-20_18-09-47
93231170-bb66-4d73-83ac-c1369f5d6b15,False,0.827957,POINT (-63935.458981190335 5601696.917555447),2024-05-20_18-09-47
2207123d-a597-45cc-8576-037fc33b8638,False,0.83870965,POINT (-68634.477326556 5599611.864068851),2024-05-20_18-09-47
588ef3b7-0729-4384-baec-fe1f8c60b316,False,0.7096774,POINT (-61259.22710302924 5596808.519499667),2024-05-20_18-09-47
8ab465a5-714c-4683-8ef7-6e9df4b5a19f,False,0.78494626,POINT (-66977.15274762575 5594262.81861069),2024-05-20_18-09-47
7a38c22a-9cc6-4231-a5a9-61cb07f8be65,False,0.94623655,POINT (-61559.121811226316 5600869.121250523),2024-05-20_18-09-47
d44a68e7-6c6e-4a58-bcf0-d4af902a8cfd,False,0.9247312,POINT (-64768.01745283323 5593862.591661094),2024-05-20_18-09-47
bdab7a68-59b2-4fe7-b278-ea64ec3b42a2,False,0.5268817,POINT (-62022.099573435546 5594197.682430343),2024-05-20_18-09-47
0be4a0a7-ff38-4129-ba0e-2f6a51e91d92,False,0.6989247,POINT (-63998.57713247011 5597130.059969053),2024-05-20_18-09-47
33d9b873-74d4-4007-a78c-71b6423fd7b5,False,0.5591398,POINT (-61209.689929626235 5596870.3774715),2024-05-20_18-09-47
7d71084b-1243-4f91-88b8-f995bcb3ede4,False,0.79569894,POINT (-62437.98919103922 5596688.101767849),2024-05-20_18-09-47
691ef205-c965-40ed-a911-766983c2dbb9,False,0.8924731,POINT (-66305.7848986515 5598042.932950925),2024-05-20_18-09-47
a9d743ce-6d98-4e05-923c-aaf1186d5992,False,0.43010753,POINT (-61327.02067292234 5594455.404710951),2024-05-20_18-09-47
bf592920-8937-40a4-92f9-75c9b8c0c13e,False,0.94623655,POINT (-67540.20673205811 5599216.89680746),2024-05-20_18-09-47
a5092c0d-8915-4700-b6dd-940ea7dbcf77,False,0.8817204,POINT (-63147.65094484633 5598821.475694126),2024-05-20_18-09-47
797bcb82-4f5b-4129-8e91-7b41190a493d,False,0.6451613,POINT (-65865.29367358252 5594868.842997885),2024-05-20_18-09-47
9f8d60d7-a27e-4155-9a5a-86c8deac6c29,False,0.4623656,POINT (-62022.878809871094 5594061.918164179),2024-05-20_18-09-47
a359f7c1-0e71-4be1-874d-9673724e27a2,False,0.8172043,POINT (-64779.37204089413 5594862.564370847),2024-05-20_18-09-47
3fd33f73-f242-48e5-8153-d3cba1a3820d,False,0.72043014,POINT (-62357.50519919568 5594680.486082191),2024-05-20_18-09-47
e92046ec-c70b-416f-8cf1-eea1735eafd7,False,0.8817204,POINT (-67797.0207973182 5595812.256227652),2024-05-20_18-09-47
c1716571-fcb7-4e6b-9815-c063befff6b3,False,0.67741936,POINT (-63738.423482486236 5597796.7276545195),2024-05-20_18-09-47
285ef64a-83f5-4d0d-a95b-f2e96663eaa7,False,0.60215056,POINT (-64809.650942389904 5597632.489838017),2024-05-20_18-09-47
a9acb346-85a7-45db-bdc5-88f84e2a96a9,False,0.4623656,POINT (-65860.72957445998 5594868.372100707),2024-05-20_18-09-47
c4c6ac97-ff23-40f4-a7a7-95942f842721,False,0.33333334,POINT (-63008.056303391575 5592225.926143274),2024-05-20_18-09-47
b2eab9a3-654d-4c52-a6a6-3b12befab6ab,False,0.75268817,POINT (-69932.57390869636 5596797.686548129),2024-05-20_18-09-47
73253410-c84a-458f-89de-d58bf6c9ce57,False,0.31182796,POINT (-62990.13386537385 5593538.499280539),2024-05-20_18-09-47
7d9109e7-6b78-404c-bf5d-3f4239c7390c,False,0.9354839,POINT (-61332.92060593438 5601075.513463571),2024-05-20_18-09-47
7b9f1652-01d5-494c-ab23-37f9986eff16,False,0.32258064,POINT (-67463.73024188314 5596809.932494301),2024-05-20_18-09-47
e430bd26-359e-43f2-9104-7a69d8a1378c,False,0.53763443,POINT (-65299.122743407934 5597054.697895942),2024-05-20_18-09-47
c9668d02-bf57-4fe0-9164-df75bed7232f,False,0.8924731,POINT (-62695.805131716435 5594532.942570602),2024-05-20_18-09-47
279e5d6b-9e4a-476d-b1c8-8093ea7c65e2,False,0.5913978,POINT (-62748.12529238927 5594151.851953176),2024-05-20_18-09-47
eaa58b8e-9401-43ca-adf6-e0d9d38ec5ba,False,0.68817204,POINT (-66941.5305105719 5597892.822291586),2024-05-20_18-09-47
a5d3d53f-fe03-4ffd-9f06-45305537ce07,False,0.33333334,POINT (-61207.018261847195 5596875.872489457),2024-05-20_18-09-47
7dc8e4e6-bcde-43b1-93ae-567d0c9edb73,False,0.29032257,POINT (-63250.287515357726 5601794.310339598),2024-05-20_18-09-47
6cb2066e-374e-4e46-9d64-afbd3da1fd0b,False,0.94623655,POINT (-61334.81303727787 5594458.073006821),2024-05-20_18-09-47
d76291e3-e73f-4692-9d5b-48db3fe688c5,False,0.83870965,POINT (-64591.353420944295 5595801.110505373),2024-05-20_18-09-47
6a5a9409-cd16-41dc-953f-26f95181fc6f,False,0.38709676,POINT (-64595.583561594445 5596399.38833821),2024-05-20_18-09-47
b991391b-6330-4f5b-923b-78aac586ca70,False,0.87096775,POINT (-62439.65898340111 5596662.511243906),2024-05-20_18-09-47
f5e3aca6-ee11-44f7-9b96-27e123bd761a,False,0.8494624,POINT (-63833.49032762369 5595051.395984198),2024-05-20_18-09-47
9e8f65d6-be98-49be-b047-858b2f8dd351,False,0.7741935,POINT (-65360.23714385345 5597825.775762298),2024-05-20_18-09-47
3d42a5a7-7feb-4a97-bfe5-f130f136c1a7,False,0.7419355,POINT (-62824.93574103664 5596955.629125969),2024-05-20_18-09-47
10fc55f5-5817-4515-9adf-358d05d0a73a,False,0.5268817,POINT (-61735.56320413365 5596437.8515311275),2024-05-20_18-09-47
4cee7e1f-f2f4-49b8-905c-78e42f183db6,False,0.7419355,POINT (-60574.27827617822 5602278.3052064665),2024-05-20_18-09-47
e5442e39-97d8-4791-a6ea-991ca6867d6d,False,0.86021507,POINT (-63550.2935430456 5598254.285446047),2024-05-20_18-09-47
efc77181-8742-4243-9ab7-46e4a878ebb9,False,0.8924731,POINT (-65127.579408095495 5599468.480320822),2024-05-20_18-09-47
d71fa0c5-1837-4aa6-ac1d-b02af9c482cb,False,0.4623656,POINT (-62979.44719425769 5592236.282861839),2024-05-20_18-09-47
55c9462c-fc28-47d3-bd7a-6cd3d8f5d220,False,0.60215056,POINT (-61951.745655254184 5600984.097153206),2024-05-20_18-09-47
7d23194a-8760-492f-b40a-62e150781c19,False,0.7419355,POINT (-63436.63634294566 5598767.770109348),2024-05-20_18-09-47
f4f7867b-b480-4541-b6bf-2cec0827bd4f,False,0.43010753,POINT (-63463.46434022685 5595083.260726576),2024-05-20_18-09-47
c7daa64f-61b8-4c49-95e9-9522aad81800,False,0.6236559,POINT (-61281.04572322472 5601208.241538933),2024-05-20_18-09-47
acb8292e-27f6-4852-893b-9ce5c2ab0c5c,False,0.43010753,POINT (-60100.16856488967 5594587.250859924),2024-05-20_18-09-47
3bcb9303-6623-4f29-901c-c40703dcd318,False,0.6989247,POINT (-60097.71953609222 5594583.954682783),2024-05-20_18-09-47
f6ad877f-0060-42c1-9f48-2f1970709c47,False,0.9139785,POINT (-65168.43366121662 5597705.344486061),2024-05-20_18-09-47
c6bcf85e-d573-4971-bdfd-170566d6238b,False,0.6451613,POINT (-61952.524891689754 5594362.642679031),2024-05-20_18-09-47
2d5abf17-1454-4f9f-aaf8-8baa262d5701,False,0.6236559,POINT (-61948.2947510396 5594362.485722084),2024-05-20_18-09-47
ec9f1991-a8b5-472a-a8ef-3a02d7603239,False,0.76344085,POINT (-62702.59562065482 5594009.96729027),2024-05-20_18-09-47
43062b5a-4740-46b3-9ef5-32636826ac59,False,0.2580645,POINT (-69158.34685022914 5597911.350459937),2024-05-20_18-09-47
6858d639-dc51-4529-89f1-5499b096c30b,False,0.34408602,POINT (-66242.44410839013 5593650.24313875),2024-05-20_18-09-47
6692cbcc-761f-4dc1-ad04-fff7cf95855f,False,0.26881722,POINT (-66237.54605079524 5593652.4403632805),2024-05-20_18-09-47
92f42954-2024-433a-8191-4aa71a3aa75e,False,0.76344085,POINT (-67068.43473007622 5595938.156748505),2024-05-20_18-09-47
2e4fe90d-af7a-4a29-ae4a-ebfccf99e632,False,0.4408602,POINT (-61941.392942610415 5594369.7057444565),2024-05-20_18-09-47
9c64ae2c-1b27-4026-b024-d936731c4493,False,0.30107528,POINT (-66243.11202533489 5593651.812584789),2024-05-20_18-09-47
0d5401cf-9d73-4399-bd19-6939900f2c9d,False,0.3548387,POINT (-62657.845185355916 5595602.844529324),2024-05-20_18-09-47
40c129e1-616b-44bf-8bc1-b608d0a11acf,False,0.9032258,POINT (-63447.76829202501 5594817.829279329),2024-05-20_18-09-47
4e2d09e8-6bdb-4b81-88d6-166fdb547e31,False,0.43010753,POINT (-63469.586912220475 5595071.958933181),2024-05-20_18-09-47
9ffe4670-ab8c-4bdf-b0a4-e6ee84c9f636,False,0.41935483,POINT (-69155.4525434685 5597919.358408854),2024-05-20_18-09-47
b7f8e2c9-a966-49aa-b93e-92f68b308183,False,0.4516129,POINT (-62668.754495453664 5593220.53905432),2024-05-20_18-09-47
161a5d98-5df0-48fb-9215-218f3cbca210,False,0.516129,POINT (-62451.90412738837 5594411.142506015),2024-05-20_18-09-47
1f129ac9-6507-4724-8bfe-47c4df913c07,False,0.8817204,POINT (-67430.00043617278 5597939.142783638),2024-05-20_18-09-47
a241eefe-d651-4938-bb58-00f0d7fc49a4,False,0.78494626,POINT (-65332.51859064591 5595026.908869275),2024-05-20_18-09-47
1ed3f1d2-5354-4d7d-a93b-f4eea5072ef6,False,0.76344085,POINT (-65750.07800061148 5599098.80259099),2024-05-20_18-09-47
584339cd-518f-4117-9a2e-7c7d9fd4d383,False,0.78494626,POINT (-63751.55918239984 5595979.914664843),2024-05-20_18-09-47
1d8aab7f-fb0b-4acb-98e5-80b1f059411c,False,0.56989247,POINT (-68637.14899433503 5599612.335213062),2024-05-20_18-09-47
b5852574-417f-46c9-9fd1-9a185f08e86a,False,0.8172043,POINT (-63443.76079035645 5598443.658964954),2024-05-20_18-09-47
09e0cfc9-3b6c-4977-b3fc-8f3b045358a9,False,0.34408602,POINT (-63877.127568014665 5598258.211059174),2024-05-20_18-09-47
0d65a559-ca77-4e74-9234-5a114d868547,False,0.7096774,POINT (-61676.11859605006 5593896.963398302),2024-05-20_18-09-47
10b02827-6273-44a6-9b30-967e4c1ae54b,False,0.60215056,POINT (-67146.35837363152 5594724.749604879),2024-05-20_18-09-47
53d8b5da-7b1a-4d02-8fca-088f8afb5f24,False,0.72043014,POINT (-64747.97994449043 5599393.412846934),2024-05-20_18-09-47
998ad309-9c7f-47db-84c6-6a73b7bbcfb0,False,0.67741936,POINT (-65234.000841293855 5594434.843163286),2024-05-20_18-09-47
63de6053-4911-49df-90d6-1833df49c526,False,0.7096774,POINT (-64659.1469908374 5596623.576107093),2024-05-20_18-09-47
29c5fb11-845c-4f7f-abd3-87059ec856c3,False,0.50537634,POINT (-65982.73573636942 5596515.720373444),2024-05-20_18-09-47
34e01379-11c1-444c-be06-d60e29f9d8b9,False,0.43010753,POINT (-62561.66514531054 5605092.460930035),2024-05-20_18-09-47
de065e13-6d56-422f-9ce6-7cdc9e3a4c8c,False,0.38709676,POINT (-64652.913099352976 5595822.9310167935),2024-05-20_18-09-47
00406342-41ed-481f-a951-2e96c090f998,False,0.3548387,POINT (-66945.87197071282 5597894.23545563),2024-05-20_18-09-47
22b288df-a1ec-43ca-9db1-aada99967d1a,False,0.30107528,POINT (-64389.19722566372 5596940.713953472),2024-05-20_18-09-47
3d6c750f-8f4e-457e-ad2f-f934812a9541,False,0.7096774,POINT (-64391.0896570072 5596943.539984267),2024-05-20_18-09-47
a1233eb9-bcfe-4e3f-81d4-36c25bd2eccd,False,0.75268817,POINT (-64036.09180086745 5594055.326193866),2024-05-20_18-09-47
9cb281e7-2c22-4c4c-ad08-5495eccf0962,False,0.53763443,POINT (-66091.04960091128 5597429.159388308),2024-05-20_18-09-47
b530bd92-54a0-49d9-9b2b-10616f837f8a,False,0.3655914,POINT (-64732.95181323333 5596771.467719126),2024-05-20_18-09-47
1073381d-69ea-49fc-b649-bf88b25166d4,False,0.4623656,POINT (-68341.5957462789 5594052.501065203),2024-05-20_18-09-47
882685b6-c8a5-47e8-97b2-372de8d9f3e3,False,0.40860215,POINT (-62846.197763778146 5594323.24657081),2024-05-20_18-09-47
91071f5b-f23c-4520-9d45-d136301096a6,False,0.61290324,POINT (-62196.87117398098 5594411.9272949975),2024-05-20_18-09-47
31bd1280-59bd-4f03-bc41-743a0f689825,False,0.8494624,POINT (-67648.40927710918 5596263.905006281),2024-05-20_18-09-47
6f0ea123-e321-4e69-9f39-ad5fd70aff41,False,0.9139785,POINT (-63745.21397142462 5597807.561802728),2024-05-20_18-09-47
4c8a1bdd-f096-42b8-853b-5cc00a699d53,False,0.87096775,POINT (-61958.536144192585 5594343.493951616),2024-05-20_18-09-47
6dec5296-2653-4606-aa13-a179f8130147,False,0.49462366,POINT (-65102.97780063018 5594844.984238322),2024-05-20_18-09-47
8ff8ef0a-6ab4-4ae2-ab3d-5e40808c4e44,False,0.2795699,POINT (-64573.764941398964 5594406.590731263),2024-05-20_18-09-47
6f0bbaa4-0457-4848-9ba1-6a82eab4620b,False,0.67741936,POINT (-61002.746996241534 5596368.14692638),2024-05-20_18-09-47
ed0f9ee6-28fc-4753-8bb7-323a9a12ed0e,False,0.827957,POINT (-66240.21771857426 5593661.072321955),2024-05-20_18-09-47
b7cea1d3-2871-4055-b969-be132c8c690c,False,0.516129,POINT (-65148.173513892245 5598006.818234141),2024-05-20_18-09-47
f196d50b-7fb6-40f9-b41d-e2ed4923ce96,False,0.67741936,POINT (-62460.58704767025 5597938.04365057),2024-05-20_18-09-47
c90c72ef-78bc-46f7-a92d-4b4a60d00709,False,0.6344086,POINT (-64197.72770149929 5599171.826093391),2024-05-20_18-09-47
e4b028df-2021-4271-9aa5-f34489bc2593,False,0.83870965,POINT (-65707.77659411004 5596459.830571943),2024-05-20_18-09-47
4fbcdba2-0497-4cb3-8235-ca926d775297,False,0.6344086,POINT (-65532.67103509222 5594405.962900443),2024-05-20_18-09-47
18057b0b-3ba2-4a9d-81ec-8c743c8dc2d1,False,0.87096775,POINT (-62178.837416472474 5597953.90258349),2024-05-20_18-09-47
02bd4265-f50b-463c-a090-5ac8a091b72b,False,0.9032258,POINT (-61940.1684282117 5594368.764002081),2024-05-20_18-09-47
4ff19120-33ef-4a6c-8529-63dfeed924da,False,0.7096774,POINT (-63310.288720895296 5602423.618687781),2024-05-20_18-09-47
904dad43-f78c-4bf1-8f5b-872fe568f907,False,0.65591395,POINT (-62737.549940763914 5594142.905619991),2024-05-20_18-09-47
840f8c92-6147-4ef7-86d9-4b2d3cc862d1,False,0.94623655,POINT (-64661.37338065327 5596619.337211186),2024-05-20_18-09-47
71188d95-3e6b-4d04-91b0-8a44ad3ce9ae,False,0.34408602,POINT (-64339.6600522607 5594489.621741184),2024-05-20_18-09-47
8a326067-1a98-41f1-9f50-9024b31e8388,False,0.6344086,POINT (-63821.913100581194 5595078.394674911),2024-05-20_18-09-47
1570e82a-d42f-4fd8-ac53-9c17d87ad1e0,False,0.5268817,POINT (-65549.03500023883 5595499.710264677),2024-05-20_18-09-47
90690c14-b98c-40e8-9127-985c61d6424a,False,0.60215056,POINT (-65960.36051871997 5594798.993517497),2024-05-20_18-09-47
44ccc205-03b0-40c3-81d1-3fa4772e93e8,False,0.48387095,POINT (-63689.10894806481 5594904.317322512),2024-05-20_18-09-47
9a99ad79-91dc-4cee-b5f9-d0ac36f2ec19,False,0.75268817,POINT (-62061.617992667154 5594187.00955876),2024-05-20_18-09-47
7df8e26c-633e-4515-87d4-0341a1e9b59e,False,0.41935483,POINT (-61079.3348059073 5596521.372170351),2024-05-20_18-09-47
f6cb52b1-bf11-4d6d-adaa-fe2e9ded382b,False,0.86021507,POINT (-69578.68924746454 5599348.341253035),2024-05-20_18-09-47
1273c06b-741f-423d-b345-5b37a77c64fc,False,0.6451613,POINT (-62231.82549409007 5593671.27373828),2024-05-20_18-09-47
e34642e4-a2ff-43cd-a6bd-b0afac9d0843,False,0.65591395,POINT (-63490.06969852644 5593443.235592283),2024-05-20_18-09-47
d8803d15-60f0-4b49-80ee-35415fe760e5,False,0.47311828,POINT (-62203.66166291937 5596280.231974663),2024-05-20_18-09-47
9e463431-1c3e-4011-b6fc-2a9aad0d4a8a,False,0.8924731,POINT (-61278.81933340885 5601212.325510614),2024-05-20_18-09-47
2a1a81ef-07e6-4e4c-92a9-ab27e238f366,False,0.5483871,POINT (-63620.090863772995 5592054.257413534),2024-05-20_18-09-47
43811bed-eb0c-49af-a266-686dced6fe11,False,0.8064516,POINT (-64449.97766763684 5594335.960037186),2024-05-20_18-09-47
9b7a251f-e2e2-424a-a3e2-668a25da0c7e,False,0.4623656,POINT (-65571.96681534224 5595473.024268961),2024-05-20_18-09-47
a49c42f4-57c0-40d4-a074-ce50b0a01909,False,0.34408602,POINT (-62954.40030882921 5600936.347420462),2024-05-20_18-09-47
9bb04ab9-fc23-49a4-83ab-131c7a02ba1e,False,0.65591395,POINT (-63778.72113815341 5599752.5802315315),2024-05-20_18-09-47
bc02b4c3-f784-405d-ba63-4570aec1536d,False,0.5591398,POINT (-66239.5498016295 5593656.5209245365),2024-05-20_18-09-47
4f82f889-cba2-4ffd-b2e3-a9899b6d23f4,False,0.3655914,POINT (-63841.839289433185 5595105.3934462005),2024-05-20_18-09-47
624d3ad3-f7a0-4e1c-85a9-600750e17eb4,False,0.49462366,POINT (-61940.0571087209 5594372.530972171),2024-05-20_18-09-47
f3972e93-4da9-4d19-98b2-0f7b1d3e09a6,False,0.9247312,POINT (-62046.367222428475 5594176.336699766),2024-05-20_18-09-47
cd374c2e-60d9-401b-b956-5e750424eea8,False,0.8817204,POINT (-61725.767088943845 5594417.420819778),2024-05-20_18-09-47
2c40137c-b33c-4a17-a37f-920021b7c9d2,False,0.75268817,POINT (-68222.92916909326 5596224.50061744),2024-05-20_18-09-47
4cc44d67-813a-4648-ad2e-ff2c1e677219,False,0.56989247,POINT (-66797.14913101302 5594641.245551681),2024-05-20_18-09-47
3f7c09d5-906b-406b-a5d8-991f67576d40,False,0.47311828,POINT (-69410.81945534829 5599171.826093391),2024-05-20_18-09-47
46dc13e7-dc30-42d6-a758-dc670ee4f9c0,False,0.827957,POINT (-63981.322611397154 5597923.283876601),2024-05-20_18-09-47
deb4d121-cdef-42c2-b427-45b3712df805,False,0.7741935,POINT (-65164.76011802046 5596352.604756668),2024-05-20_18-09-47
b48f0ff3-5b5d-4c08-b3b1-b08e0af02b30,False,0.8172043,POINT (-66894.66500494792 5593734.52277621),2024-05-20_18-09-47
f1ff0f13-1929-4b60-bc37-ab13c124eeea,False,0.38709676,POINT (-63131.732257662894 5593366.8056482645),2024-05-20_18-09-47
36b474c3-bd00-4f39-93c2-6e79ae6c68ba,False,0.827957,POINT (-65166.54122987313 5597711.625086646),2024-05-20_18-09-47
ae1dde82-3f56-4d8b-b78f-68c2c3e35fdd,False,0.3548387,POINT (-60854.91471246807 5596611.173417257),2024-05-20_18-09-47
fc37093a-ec83-4483-8e56-6d42b12906a8,False,0.60215056,POINT (-65237.897023471625 5594422.914347894),2024-05-20_18-09-47
f3779e15-eaf3-4ff8-b0d3-2fa0e2428dd3,False,0.56989247,POINT (-61948.183431548816 5599297.459305503),2024-05-20_18-09-47
cc143175-ff4e-4652-b787-b23d2f3112c6,False,0.8172043,POINT (-68477.1828860651 5596128.266716014),2024-05-20_18-09-47
206a2328-2c8f-46c8-b534-b3443ca2a162,False,0.8817204,POINT (-61074.88202627558 5596531.419818017),2024-05-20_18-09-47
92b89912-c886-49b5-af6f-9b316edead23,False,0.9032258,POINT (-62062.842507065885 5594100.371420058),2024-05-20_18-09-47
e47e1746-7a2d-4efc-80c9-4e79acfdcc55,False,0.8817204,POINT (-69564.32903315221 5597939.927878768),2024-05-20_18-09-47
660a2d98-8dd5-4063-8c44-e44b2d5ca95c,False,0.6666667,POINT (-63483.27920958805 5597751.978049438),2024-05-20_18-09-47
75baef76-436a-4fc7-aab4-5702e769a606,False,0.53763443,POINT (-61045.605000196956 5600701.843347601),2024-05-20_18-09-47
311dda1d-c50c-42c8-8ede-e44d47545f66,False,0.61290324,POINT (-65518.86741823386 5594359.503540611),2024-05-20_18-09-47
b7cb2994-0a32-45bd-91b6-f3ed56a85365,False,0.78494626,POINT (-68632.02829775854 5599612.021116919),2024-05-20_18-09-47
74b52cf0-a412-458f-b554-bb62be8d8c64,False,0.94623655,POINT (-63415.263000713356 5598035.867016728),2024-05-20_18-09-47
60bd4a0b-7b7f-493e-b1d7-de6925333f05,False,0.6989247,POINT (-65828.11296365756 5594617.701315071),2024-05-20_18-09-47
b10d84f5-9e09-42f2-95c6-03069da103dd,False,0.79569894,POINT (-61946.84759765929 5594373.786629215),2024-05-20_18-09-47
2eb38fc7-4c07-4f83-901f-a7850e05fa14,False,0.7419355,POINT (-61855.89957368118 5596784.341625666),2024-05-20_18-09-47
fe11ad8e-1782-466a-9741-b9ec08501e76,False,0.32258064,POINT (-62553.31618350105 5605094.818080068),2024-05-20_18-09-47
b654c867-2f6e-41b9-a732-a28aa3a16c2e,False,0.87096775,POINT (-60283.06648826302 5599459.685772825),2024-05-20_18-09-47
bad699f6-8e2a-4c40-b75b-034ac1807935,False,0.60215056,POINT (-62202.32582902985 5596528.907905053),2024-05-20_18-09-47
e57c9912-5ee5-4e51-a8e8-0ca19c5a127e,False,0.7741935,POINT (-63602.725023209234 5598748.140954737),2024-05-20_18-09-47
ab9c0339-601c-474a-b8f0-510a31cf7daa,False,0.78494626,POINT (-62403.70278787489 5596646.497578637),2024-05-20_18-09-47
477f7e16-7cba-4781-90c0-c1b24ef84989,False,0.3548387,POINT (-62825.38101899981 5596957.042143585),2024-05-20_18-09-47
12434104-d363-4126-b2dd-d789c1d2e889,False,0.3548387,POINT (-62579.81022230985 5599752.5802315315),2024-05-20_18-09-47
facd93b4-b529-4550-b84a-3234f14ff7ba,False,0.86021507,POINT (-63752.2270993446 5592238.008982754),2024-05-20_18-09-47
f57c033c-6350-4d2c-b96a-7242f929fda4,False,0.6989247,POINT (-61322.56789329061 5596482.7516285395),2024-05-20_18-09-47
3427bb36-840e-4124-8ced-540a76e14b7e,False,0.4623656,POINT (-61883.39548790712 5595873.7934204135),2024-05-20_18-09-47
3d7bdd4e-d4dc-434f-b631-357cfe63dd79,False,0.6989247,POINT (-63485.95087736709 5597754.804333734),2024-05-20_18-09-47
188e52d4-0a50-434e-b08f-3ad77163fa94,False,0.40860215,POINT (-61946.40231969611 5594372.374015053),2024-05-20_18-09-47
ece89607-0873-4586-ba84-9a100383f30e,False,0.516129,POINT (-66792.02843443652 5594646.425291958),2024-05-20_18-09-47
cb70d970-bd5c-41b9-86a4-854b55a28429,False,0.8494624,POINT (-61561.57084002376 5600876.032329053),2024-05-20_18-09-47
2dc9d89a-60aa-4ec2-96c2-2ea614ddfc8b,False,0.56989247,POINT (-64433.16842452705 5595898.28282786),2024-05-20_18-09-47
e0e9a953-d585-4813-b35a-3dd4bc03a1b4,False,0.9677419,POINT (-64308.04531687542 5596134.075258519),2024-05-20_18-09-47
60eb8c18-5d94-4f64-8373-abafb9ad559d,False,0.5268817,POINT (-60504.36963596005 5602396.912251138),2024-05-20_18-09-47
d442e9d7-b9c4-423c-bc86-c00b50c461af,False,0.9139785,POINT (-65863.40124223904 5594859.268093397),2024-05-20_18-09-47
1d21cc44-f8de-46e7-be47-9fcae7ba47f9,False,0.78494626,POINT (-63817.015042986284 5594906.671818006),2024-05-20_18-09-47
abcadef2-64d6-4678-ab58-74854873e3dd,False,0.41935483,POINT (-64672.505329732594 5596461.243512108),2024-05-20_18-09-47
3a435890-ae7a-4c28-befe-94c92579533a,False,0.8172043,POINT (-60499.026300401965 5602403.353208048),2024-05-20_18-09-47
5c9f3cae-6aeb-41fd-af3f-6ab9c36e36ab,False,0.79569894,POINT (-67149.25268039214 5594723.493899123),2024-05-20_18-09-47
da1ca1f0-41fa-4ba9-b60b-d52323c3c95d,False,0.9032258,POINT (-61955.530517941166 5594344.435691361),2024-05-20_18-09-47
fb6f6412-0df1-4b88-80e7-f4ce441715fa,False,0.76344085,POINT (-63852.52596054934 5595141.496580233),2024-05-20_18-09-47
42b6cdef-f217-4f5c-bc0c-38d744db9a37,False,0.56989247,POINT (-63542.61249818086 5597733.921253947),2024-05-20_18-09-47
be416052-268e-4ada-a63e-ec9c33a78d07,False,0.43010753,POINT (-64420.811961049 5594375.199243599),2024-05-20_18-09-47
a57739ca-e4f4-4215-b54f-3c2c59f405ef,False,0.53763443,POINT (-63928.44585327034 5592254.642528429),2024-05-20_18-09-47
4cc3d4ee-388c-4f89-ac61-1635e6b290ca,False,0.5483871,POINT (-63975.97927583908 5596849.339433607),2024-05-20_18-09-47
67c0243a-29a7-4301-84e1-af68e7ca2b09,False,0.8172043,POINT (-62026.66367255806 5594177.592329583),2024-05-20_18-09-47
539557fa-a9b5-44db-a2de-94e6d47e9570,False,0.40860215,POINT (-64812.545249150535 5596341.615359857),2024-05-20_18-09-47
a99968cf-3fe1-4985-bc21-11b36ee7da2f,False,0.9354839,POINT (-64451.536140507946 5597436.852889681),2024-05-20_18-09-47
d707082e-2439-43d9-bbbd-618a63d4bec3,False,0.7741935,POINT (-67490.7808781459 5596834.424436386),2024-05-20_18-09-47
746deee3-f40f-4b84-b733-4c027a609dfd,False,0.87096775,POINT (-62469.82656540609 5597935.374327961),2024-05-20_18-09-47
1b6142bf-216d-4018-a5a9-8f3855e1962e,False,0.53763443,POINT (-67504.91845347665 5596830.342441432),2024-05-20_18-09-47
aaed212b-a25f-4a82-91c3-33b9cdf784f3,False,0.7419355,POINT (-62661.96400651528 5595593.739782843),2024-05-20_18-09-47
5cf77192-e1cc-401c-9e9a-18f9b886abf8,False,0.47311828,POINT (-66004.4430370741 5597751.349986382),2024-05-20_18-09-47
773d55b5-3674-402b-b370-c0863303f17e,False,0.40860215,POINT (-63422.72140659651 5598771.224844968),2024-05-20_18-09-47
fd58c1c3-ca1a-4451-b2ec-8714683a6915,False,0.76344085,POINT (-64677.84866529067 5596585.740106485),2024-05-20_18-09-47
02b17486-006a-4649-ac45-b00c6bddf07c,False,0.48387095,POINT (-64976.07358112586 5597142.306365243),2024-05-20_18-09-47
717286c7-fb1c-4680-a1ba-b8f9cf361bc2,False,0.75268817,POINT (-62668.08657850891 5593225.247169657),2024-05-20_18-09-47
d5adfb2c-b578-4c46-bd73-edb3584eff71,False,0.4408602,POINT (-64017.1674874326 5594836.508115204),2024-05-20_18-09-47
cb5ad764-6fdc-4f76-af8a-ee561258d9fe,False,0.4516129,POINT (-64794.400172151225 5597629.035537382),2024-05-20_18-09-47
89586094-99ae-45f4-a0bf-71906f420721,False,0.2795699,POINT (-63484.0584460236 5597760.770936818),2024-05-20_18-09-47
9280d077-d0ff-42c4-88fa-6b2cce0d28a2,False,0.79569894,POINT (-69572.45535598011 5597947.93585299),2024-05-20_18-09-47
3dbc7432-3b6f-4f19-b080-1befed64a4d5,False,0.87096775,POINT (-64310.71698465446 5596123.871064705),2024-05-20_18-09-47
8de0c57c-1fcc-400a-9ee7-7fda8bfc48bf,False,0.3548387,POINT (-64291.01343478405 5596129.993579612),2024-05-20_18-09-47
52402461-058a-482d-bade-9779ca7baf35,False,0.50537634,POINT (-64309.04719229256 5596121.516252384),2024-05-20_18-09-47
bc21ba97-6df8-49b2-91ab-11cd0858e782,False,0.50537634,POINT (-62954.177669847624 5600941.687838571),2024-05-20_18-09-47
cfca1dda-2718-492e-8170-849eb80d7442,False,0.33333334,POINT (-64309.826428728105 5596134.546221589),2024-05-20_18-09-47
3fa302c9-f973-4075-b439-31508533f6c5,False,0.67741936,POINT (-64859.96735222847 5597689.171959629),2024-05-20_18-09-47
fdfd1e9c-2040-43c5-94f8-3e28e9cd42da,False,0.6344086,POINT (-64296.134131360544 5596135.488147801),2024-05-20_18-09-47
d63b2c23-e563-4418-b395-ead08d666197,False,0.79569894,POINT (-64757.33078171707 5597441.720210256),2024-05-20_18-09-47
ea28a6b9-688e-4d75-825f-3d17162f66bb,False,0.87096775,POINT (-62464.705868829595 5597940.084897802),2024-05-20_18-09-47
5794d968-703d-4ea1-9b57-49b3ee23f35b,False,0.6666667,POINT (-69583.58730505944 5599346.770818274),2024-05-20_18-09-47
3fe3b5da-bd05-408d-a479-3c8770faf4eb,False,0.41935483,POINT (-62594.72703407614 5597816.668777928),2024-05-20_18-09-47
fdcb09f0-453d-496c-ab02-9f9f614add8c,False,0.87096775,POINT (-62480.62455601304 5600265.992927339),2024-05-20_18-09-47
29036ae8-eed9-4f32-bbbf-aef3cf04c9b3,False,0.68817204,POINT (-63818.57351585739 5596848.868433318),2024-05-20_18-09-47
e48b736e-79b9-4250-8a04-0f47675c4e16,False,0.67741936,POINT (-61341.04692876229 5599892.356266481),2024-05-20_18-09-47
00af541b-5e73-49c8-bb22-f8ba558e2619,False,0.4408602,POINT (-64883.56708427664 5596414.773595751),2024-05-20_18-09-47
9a523657-d29f-4f78-aaff-f82cab414da8,False,0.8172043,POINT (-63375.855900972536 5598030.214273345),2024-05-20_18-09-47
a35e3153-589d-4bcc-a0c7-ad77dde7049f,False,0.58064514,POINT (-64907.946052760366 5593453.436763008),2024-05-20_18-09-47
bcb670c1-ac0a-489b-8406-2713d764e443,False,0.34408602,POINT (-66654.88282177922 5595818.221549443),2024-05-20_18-09-47
111df7b3-e062-4bff-ad39-a2276d413a14,False,0.47311828,POINT (-64911.06299850258 5593452.808998326),2024-05-20_18-09-47
fa8ee001-04c1-436d-8950-d06727f8de4f,False,0.39784947,POINT (-61612.3325278255 5599623.642681522),2024-05-20_18-09-47
7eb089c0-4fb6-440f-8df2-327459c5d2bb,False,0.8172043,POINT (-62705.044649452284 5594541.575369368),2024-05-20_18-09-47
ffc40020-3289-4aab-aa6c-74921878763b,False,0.5268817,POINT (-63769.258981435974 5595605.19920663),2024-05-20_18-09-47
8d5e5bbc-1fe4-4e78-bee6-4fd50e41ad55,False,0.8817204,POINT (-62132.97378626565 5597093.320879968),2024-05-20_18-09-47
718b4ed2-ba0c-45d7-802a-40cd09006231,False,0.38709676,POINT (-61879.61062522015 5595876.776101109),2024-05-20_18-09-47
b1b0460a-3bf8-4af4-b054-65e5906fab12,False,0.8064516,POINT (-61946.17968071452 5594368.920959136),2024-05-20_18-09-47
bb54a845-3c2a-402f-9f0c-68091af90bc3,False,0.6236559,POINT (-61935.047731635204 5599308.452294611),2024-05-20_18-09-47
5da972e2-7b79-4a63-923b-9526ed810a99,False,0.4623656,POINT (-62337.91296881606 5593727.931044423),2024-05-20_18-09-47
e6e5c959-c6c6-41a0-a5dc-44db5d9771d4,False,0.60215056,POINT (-64951.47197366053 5595148.403283162),2024-05-20_18-09-47
bd19bde0-7868-462a-922e-2a03e95df211,False,0.7419355,POINT (-62590.27425444442 5597817.610879334),2024-05-20_18-09-47
f2bda998-c0f6-44a7-99df-10a0c44c3141,False,0.5483871,POINT (-62579.58758332826 5597809.917054055),2024-05-20_18-09-47
7dd4f6e3-d689-4d94-a932-9a9a841666ab,False,0.26881722,POINT (-68398.25736709266 5598690.510002993),2024-05-20_18-09-47
e34e4bdd-1de9-410f-ae2a-37130e244ce6,False,0.34408602,POINT (-62414.05550051866 5599903.821138267),2024-05-20_18-09-47
8ffcc3c0-2e76-46ae-8a85-4b87d20b1e7e,False,0.9354839,POINT (-61250.76682172895 5602313.023133939),2024-05-20_18-09-47
a2032130-8ed4-49dc-8559-de06a85a37fc,False,0.8817204,POINT (-62706.046524869416 5594016.5592275355),2024-05-20_18-09-47
90c4c618-f792-4baa-8214-3b61a1c7fad3,False,0.32258064,POINT (-62715.95395955001 5594019.070442997),2024-05-20_18-09-47
90e85436-11bc-42ab-a22a-f0a1c659a5b3,False,0.8064516,POINT (-62702.26166218245 5594010.595093614),2024-05-20_18-09-47
0ab0939a-c820-478e-a188-0b31ea810267,False,0.50537634,POINT (-65169.658175615354 5597531.373583527),2024-05-20_18-09-47
408ab882-d6db-43a9-ae7c-60272b43bd95,False,0.29032257,POINT (-62572.35181642669 5593875.775325683),2024-05-20_18-09-47
6de12c4e-a4e0-4af6-b167-b42bf591cf26,False,0.41935483,POINT (-62561.21986734736 5593875.618377182),2024-05-20_18-09-47
39f7c204-1ccf-4678-9976-a0bcc13aab57,False,0.78494626,POINT (-66236.21021690572 5595338.496653978),2024-05-20_18-09-47
ab293e88-1118-43b6-9c24-d12870fd37cc,False,0.30107528,POINT (-65742.17431676516 5595208.6801870875),2024-05-20_18-09-47
9d6b54e9-0192-4fa2-af70-755e55ed2629,False,0.2795699,POINT (-67568.3705632288 5593541.638134123),2024-05-20_18-09-47
34b0ce9a-e4d7-4743-8481-4a93b2e39502,False,0.7096774,POINT (-66620.03982116093 5598585.927252005),2024-05-20_18-09-47
37969520-bc82-4871-8df0-a25f34224d55,False,0.9139785,POINT (-63533.70693891741 5598824.302312687),2024-05-20_18-09-47
eb27f2e3-0ff6-43a6-9937-2b934b2dfc90,False,0.4408602,POINT (-65154.74136384906 5598012.15692232),2024-05-20_18-09-47
8ca5d669-eab0-4a15-9f83-8e24ac5569fa,False,0.5913978,POINT (-67214.1519435246 5594849.22230286),2024-05-20_18-09-47
85b31a22-596b-482e-9bf3-9f5b1a4d962e,False,0.49462366,POINT (-67525.40123978262 5599243.279768717),2024-05-20_18-09-47
a83aecf1-f2e4-4e44-ac84-8a2a5f56921e,False,0.8817204,POINT (-66044.85201223208 5595352.624314161),2024-05-20_18-09-47
6a3de283-f27d-441b-80f0-4b3275c71bb9,False,0.47311828,POINT (-65231.32917351483 5593729.029666053),2024-05-20_18-09-47
de502f7d-b986-4286-b2f8-8991a10a4dd1,False,0.9139785,POINT (-62952.95315544889 5600937.918131344),2024-05-20_18-09-47
ebf69120-9e96-41c4-b77d-b3d1319b4e85,False,0.5591398,POINT (-61967.99830091002 5594358.561799298),2024-05-20_18-09-47
6db1a113-aff6-4998-b391-b37098ff5649,False,1.0,POINT (-62555.6538928077 5605093.875219981),2024-05-20_18-09-47
1eb6706f-9b30-447d-8135-0be3a01d4571,False,0.33333334,POINT (-67967.67357670428 5595181.053222934),2024-05-20_18-09-47
23959ca6-2c5a-4d23-9b5f-d4e147841079,False,0.8817204,POINT (-62526.933464183036 5595356.862616518),2024-05-20_18-09-47
89507584-ba26-4b3a-a2b9-64e0def7864d,False,1.0,POINT (-65282.75877826131 5598595.820163143),2024-05-20_18-09-47
58afb655-9d7f-4ca4-97f7-10cd2c1007d5,False,0.9139785,POINT (-62053.60298933004 5594169.744646089),2024-05-20_18-09-47
6651b366-48cd-4f0e-98a3-d712877c7f85,False,0.94623655,POINT (-65822.10171115473 5598987.77658928),2024-05-20_18-09-47
d3ced230-c495-4dbc-95eb-5912037948b0,False,1.0,POINT (-66343.63352552122 5598500.0321134),2024-05-20_18-09-47
dc3e0bf5-4ee6-4eb2-a60b-5a39932dcbfd,False,0.61290324,POINT (-60390.04451891536 5599449.6348713),2024-05-20_18-09-47
84e4705b-4110-43d9-b649-64c265c15dd5,False,0.26881722,POINT (-69162.79962986086 5597910.251330247),2024-05-20_18-09-47
551c7cf6-3d52-4e98-8dec-8540982660c9,False,0.41935483,POINT (-61352.401516823214 5594453.992084043),2024-05-20_18-09-47
6b7b608a-e59a-4f7d-9ab8-4e88918fb62f,False,0.9569892,POINT (-67966.78302077793 5595177.913800527),2024-05-20_18-09-47
93b1f1d1-a54d-41ab-817e-5db4be268998,False,0.9677419,POINT (-66919.934529358 5595800.953523466),2024-05-20_18-09-47
c4d19926-07e2-4aaf-9f51-1d0afb641b5e,False,1.0,POINT (-65828.44692212994 5594619.427890342),2024-05-20_18-09-47
1feffd03-cdd0-4d91-833f-71dcebe2a87f,False,0.9569892,POINT (-65170.4374120509 5594251.517842163),2024-05-20_18-09-47
95b730df-fe57-43db-bebc-a5aef5690a87,False,0.87096775,POINT (-63263.8684932345 5594214.005670058),2024-05-20_18-09-47
3d04aabe-704e-4798-a6e0-a3f1d56024fc,False,0.56989247,POINT (-62601.85148148691 5597813.842474299),2024-05-20_18-09-47
e557fefb-1767-4f0a-8de5-dcdbd0e99cb2,False,0.97849464,POINT (-62830.946993539466 5596955.9431298645),2024-05-20_18-09-47
c0ed3634-cf32-4050-8c14-a561d097b7d8,False,0.50537634,POINT (-62322.43955959579 5596418.384425291),2024-05-20_18-09-47
c0ca4e66-9de4-4174-b422-34cfdfaae2a1,False,0.516129,POINT (-60499.91685632832 5602404.295787495),2024-05-20_18-09-47
f902346a-84f9-4e4b-87b0-7c21df4a22b1,False,0.9892473,POINT (-64082.289389546655 5594433.587497767),2024-05-20_18-09-47
41f3bc1a-b800-451d-9aa4-b79d6400f466,False,0.9892473,POINT (-64002.69595362947 5598706.84135257),2024-05-20_18-09-47
72ddcb3a-a260-4d48-ac79-078e6eacd36c,False,0.9354839,POINT (-62310.52837408092 5596406.296001624),2024-05-20_18-09-47
299b026c-f871-4b4d-9c4f-9c20bd6b4f1a,False,0.60215056,POINT (-62322.43955959579 5596395.306539581),2024-05-20_18-09-47
ccc03941-c1d3-48d0-9f0f-d413dacc00ca,False,0.8494624,POINT (-62307.63406732029 5596406.296001624),2024-05-20_18-09-47
daa40743-e1f3-4b7e-857d-7b182c76160c,False,0.7419355,POINT (-62312.42080542439 5596402.842169257),2024-05-20_18-09-47
b498f9ad-65bd-4ef1-b581-3bf7889ade71,False,0.9569892,POINT (-62307.18878935711 5596407.394948563),2024-05-20_18-09-47
99b554e8-cfac-42a8-88bf-98402f105f8f,False,0.6344086,POINT (-62547.750208961384 5596869.592469207),2024-05-20_18-09-47
10443f45-0b74-4760-984f-9d8cb10aa7ff,False,0.9677419,POINT (-63205.53708005883 5594826.776279935),2024-05-20_18-09-47
2ee83572-ffec-4554-8f0c-42673e7769a5,False,0.79569894,POINT (-65701.43138313481 5598380.691044713),2024-05-20_18-09-47
276dacc6-03aa-429e-97bc-caf11b332a8c,False,0.76344085,POINT (-65707.33131614687 5598377.7075381735),2024-05-20_18-09-47
bde55f79-62ff-4c67-9090-49de66d0ce12,False,0.9247312,POINT (-63060.59910304599 5592309.878673029),2024-05-20_18-09-47
8594dcca-5228-429a-81f2-127b0fe69c3d,False,0.94623655,POINT (-61676.563874013234 5593892.8827286055),2024-05-20_18-09-47
6ea1ff70-c3db-40b2-8279-19431e855bc5,False,1.0,POINT (-62021.65429547238 5594053.756677833),2024-05-20_18-09-47
0ffe9163-d3f0-4f1a-b51a-80ec97d6b51d,False,0.7096774,POINT (-62353.275058545536 5595198.006122754),2024-05-20_18-09-47
05a6d877-6ab8-4590-a1bd-9c1f3e46ca38,False,0.34408602,POINT (-63772.598566159766 5592258.09477759),2024-05-20_18-09-47
e95509da-8ff8-4059-997c-b25f19b5d2d8,False,1.0,POINT (-62657.177268411164 5595600.332874206),2024-05-20_18-09-47
203412cb-54bb-4f75-b152-cdaf9a1c226b,False,0.72043014,POINT (-63439.4193302155 5591997.139837893),2024-05-20_18-09-47
a875283d-6b43-4ba3-8066-176d9d84be68,False,0.49462366,POINT (-64755.54966986438 5593895.080012059),2024-05-20_18-09-47
f05bdcbe-4b1c-4fcc-b624-67862c7859c7,False,0.56989247,POINT (-63445.43058271834 5591988.352550559),2024-05-20_18-09-47
d48d995d-c511-45e2-8da6-89bd93816bb6,False,0.94623655,POINT (-63451.2191962396 5591992.1185298),2024-05-20_18-09-47
0c542d3f-e16b-44c0-a535-5ae5189dd2dd,False,1.0,POINT (-63843.06380383191 5595572.704713946),2024-05-20_18-09-47
47f91aa7-64aa-4c1b-b424-6a3b70a43250,False,0.40860215,POINT (-62320.992406215475 5596423.879168662),2024-05-20_18-09-47
c94209cf-d5c2-435b-8ba8-fc286dff9c5f,False,0.30107528,POINT (-65698.20311790181 5597507.821823223),2024-05-20_18-09-47
46716d42-483b-42d2-ab98-dc4546bdd885,False,0.97849464,POINT (-62329.67532649735 5596429.530908182),2024-05-20_18-09-47
a03d99b0-ea47-4969-865c-e7fad4e60cfc,False,0.87096775,POINT (-62324.554629920865 5596421.053300225),2024-05-20_18-09-47
19412044-196e-4990-938d-b3a734fafbe6,False,0.39784947,POINT (-63736.53105114276 5599304.055097365),2024-05-20_18-09-47
9087401d-1d12-4ec4-949c-76d6e4f884ea,False,1.0,POINT (-64635.65857828002 5595663.909358941),2024-05-20_18-09-47
e433c135-092b-4c63-872e-1f9e2934ae35,False,0.72043014,POINT (-63968.40955046514 5595599.234025313),2024-05-20_18-09-47
47d6a78b-d5bb-4222-add5-690145f44a63,False,1.0,POINT (-64681.74484746843 5596599.869714752),2024-05-20_18-09-47
a3ac3815-bcb2-4a84-a5b5-38910ea854e4,False,0.9569892,POINT (-64363.92770125363 5594879.987571609),2024-05-20_18-09-47
e50e6c05-414b-4293-b253-65f02bc8479d,False,0.9032258,POINT (-63183.94109884494 5596195.457651883),2024-05-20_18-09-47
18c8f2d2-8134-422d-97cb-7430b216f09b,False,0.43010753,POINT (-61957.20031030307 5594342.395255371),2024-05-20_18-09-47
575d8d32-c862-4a1b-926d-0e6eb535bc2b,False,0.827957,POINT (-64332.31296586835 5598012.4709629),2024-05-20_18-09-47
0f0bd8c9-9101-40c6-afcf-e3c839b2814e,False,0.76344085,POINT (-64678.29394325384 5596474.587957886),2024-05-20_18-09-47
f90cdac1-7c05-4a4b-ab00-6af85066c7c4,False,0.6236559,POINT (-66582.302513782 5594138.040074076),2024-05-20_18-09-47
23334f42-0fc2-4ba3-a4f8-ffb550a87937,False,0.41935483,POINT (-66580.41008243851 5594139.76655781),2024-05-20_18-09-47
ec851591-f7d3-4bf8-9c70-f1f026d40a2c,False,0.87096775,POINT (-66579.18556803979 5594132.389765975),2024-05-20_18-09-47
4e53944b-bddf-4d9b-abab-830bae8e30da,False,1.0,POINT (-63484.1697655144 5597754.804333734),2024-05-20_18-09-47
7168725c-9d8c-4f05-9cf0-e905c2d9b4cf,False,0.6666667,POINT (-63235.9273010454 5595696.247199154),2024-05-20_18-09-47
36578212-244c-491d-be3c-30ccc63de8f4,False,0.827957,POINT (-64713.24826336293 5598250.202810204),2024-05-20_18-09-47
f77be5db-42e3-4705-bec6-963d1faad119,False,1.0,POINT (-64965.38691000969 5599240.9241440445),2024-05-20_18-09-47
efcf5827-bbb1-4d8d-a046-25387b96fa00,False,0.67741936,POINT (-60896.10292406159 5596621.064168538),2024-05-20_18-09-47
640dc4ed-987e-441a-9e91-3ca6309fd7e9,False,1.0,POINT (-65048.76520861385 5599912.302011682),2024-05-20_18-09-47
3354669d-d05a-4ed7-95ef-77c138b6bdf2,False,0.5913978,POINT (-64669.72234246275 5596464.854360199),2024-05-20_18-09-47
6ec18b26-9a99-44aa-b6f8-65b196c68a53,False,0.47311828,POINT (-64321.403655770606 5593733.424153912),2024-05-20_18-09-47
757c56b4-2896-4518-98a2-362b9d5dccb5,False,0.58064514,POINT (-64680.409013578916 5596463.441419469),2024-05-20_18-09-47
8ae41bb1-93a1-4a25-bbde-24d618ddba2b,False,0.7096774,POINT (-64682.63540339478 5596456.219725857),2024-05-20_18-09-47
b5f95835-249e-41fd-9b17-ce62f3c57f34,False,0.5268817,POINT (-64688.20137793444 5596449.312024318),2024-05-20_18-09-47
5295e1a6-7151-4367-831e-3189612785a9,False,0.41935483,POINT (-64687.422141498886 5596462.656452494),2024-05-20_18-09-47
b6eeaec6-bf53-47c1-9bd4-a710a3281a00,False,0.68817204,POINT (-63208.98798427342 5594513.008684924),2024-05-20_18-09-47
42bf3622-7da9-4c91-a66f-7c433203f253,False,0.79569894,POINT (-62381.43888971623 5600352.06190399),2024-05-20_18-09-47
954be2c0-4aff-4124-bff4-804f02d462ca,False,0.9032258,POINT (-64008.9298451139 5596832.540438485),2024-05-20_18-09-47
e1f799e8-0e64-4100-8a8b-70ee9a952ad5,False,0.76344085,POINT (-63939.80044133127 5597048.260747973),2024-05-20_18-09-47
ed9b1da7-2f4a-4437-9276-024d6a032a27,False,1.0,POINT (-63948.81732008552 5597052.813852159),2024-05-20_18-09-47
c38648fe-c54d-444c-a844-ca417ce43103,False,0.9354839,POINT (-63985.218793574924 5596863.312453317),2024-05-20_18-09-47
c9e16b51-fba8-4a4e-a2bd-31b903cca359,False,0.8494624,POINT (-63981.99052834192 5596850.438434375),2024-05-20_18-09-47
96dcacdf-57c8-4c7b-bc67-e41496541035,False,0.9892473,POINT (-63979.986777507635 5596861.899450343),2024-05-20_18-09-47
b4a7772a-bed8-4062-898a-ea2a1035bd4a,False,0.83870965,POINT (-63977.98302667336 5596864.097455065),2024-05-20_18-09-47
e817b8b4-5077-4e88-ae36-31c1afa31a60,False,0.5483871,POINT (-63979.43018005368 5596867.708463983),2024-05-20_18-09-47
7185da76-9930-435c-bd13-f52fa1230af1,False,0.58064514,POINT (-63978.76226310891 5596855.619439796),2024-05-20_18-09-47
9eab430f-9ea5-467d-b847-d2da1f4d058c,False,0.79569894,POINT (-63986.99990542762 5596845.571431986),2024-05-20_18-09-47
f0a48561-3587-4230-8c4a-487650662b4e,False,0.8817204,POINT (-63980.76601394319 5596853.421437134),2024-05-20_18-09-47
6ee95eac-8426-4876-9708-550b3e327d4a,False,0.83870965,POINT (-63981.87920885113 5596850.909434745),2024-05-20_18-09-47
ed2898a2-4eb8-4f56-8395-ebaeb69c4468,False,0.87096775,POINT (-63986.77726644602 5596844.786431846),2024-05-20_18-09-47
31f39ee4-baae-45cb-abd2-1d8e765183a0,False,0.2580645,POINT (-61959.64933910051 5596381.962210765),2024-05-20_18-09-47
fd688cea-f399-43ad-880b-24244a6bf35d,False,0.7419355,POINT (-63778.164540699436 5598455.907140028),2024-05-20_18-09-47
7620f4ac-5dd0-471b-9d88-364a7b364c52,False,0.9247312,POINT (-63785.51162709179 5598462.3452899875),2024-05-20_18-09-47
6c203b23-8ca2-4b70-bb33-8c6c3e004a66,False,0.97849464,POINT (-61050.16909931947 5600702.628682636),2024-05-20_18-09-47
7567b725-0b28-4ea6-af23-81b0f7caa26a,False,0.79569894,POINT (-61462.38517372696 5599686.148109524),2024-05-20_18-09-47
21ca75f3-553b-4690-861c-8e1175dec40b,False,0.5591398,POINT (-64060.248130369575 5592647.736634102),2024-05-20_18-09-47
1b8ca324-a6a8-423b-8ce1-388611b8e873,False,0.53763443,POINT (-62420.73466996626 5599900.365969896),2024-05-20_18-09-47
41a145f2-88a8-4c61-8946-961c5baf4e35,False,0.5483871,POINT (-65891.56507340974 5597123.465762586),2024-05-20_18-09-47
dc92060e-d7d4-42c7-8313-bbc2d135e851,False,0.7311828,POINT (-64748.313902962815 5599391.057183152),2024-05-20_18-09-47
292698ae-7ed2-429a-824c-3e050801fcf1,False,0.86021507,POINT (-62980.337750184044 5599354.780038409),2024-05-20_18-09-47
e8d5ff50-4e55-4ce0-b0d7-051f0c876f96,False,0.67741936,POINT (-63405.35556603276 5596389.340837207),2024-05-20_18-09-47
e6c5f68a-3ac9-433e-9b54-f8784c2021a4,False,0.9247312,POINT (-63380.53131958587 5598028.015985206),2024-05-20_18-09-47
c7377697-b5c4-40f3-8032-4bb606d6f298,False,0.4408602,POINT (-61700.497564533776 5593714.433703843),2024-05-20_18-09-47
b4b8c387-c918-4a24-b095-ff1a66edc7ff,False,0.516129,POINT (-63843.28644281349 5595578.512899723),2024-05-20_18-09-47
8af2061a-749d-410e-9a81-af91fd938732,False,0.8064516,POINT (-62053.936947802424 5594185.440019882),2024-05-20_18-09-47
8284dd9b-272b-44bc-a335-bc0bdd61a68f,False,0.5483871,POINT (-64398.548062890346 5597103.36916301),2024-05-20_18-09-47
c2a48a7e-4c99-4a51-b62c-477bf289de32,False,0.4408602,POINT (-61941.61558159201 5594384.7736357935),2024-05-20_18-09-47
1da265f9-4e25-480b-9f5c-9ec84dcf965b,False,0.6666667,POINT (-62127.40781172598 5599351.796210471),2024-05-20_18-09-47
00cb2365-43f8-418e-abf4-d837ad257da7,False,0.8494624,POINT (-63758.015712865854 5594828.97379021),2024-05-20_18-09-47
ac85e2a8-b9f7-493a-8735-2e03e17c6df9,False,0.8494624,POINT (-61947.960792567224 5594370.333572761),2024-05-20_18-09-47
898c60f5-773b-49ac-a07f-cca4f94e53b7,False,0.29032257,POINT (-61958.4248247018 5594366.723560604),2024-05-20_18-09-47
e6a544cb-26dd-43f3-95db-517eb4190043,False,0.50537634,POINT (-63152.43768295045 5594513.950442314),2024-05-20_18-09-47
c97c4264-4215-4272-b3a7-ad07ab052189,False,0.72043014,POINT (-62280.58343105752 5593637.530635875),2024-05-20_18-09-47
2ef9c1c4-1c22-42c6-a7b2-0892c3a08dd2,False,0.87096775,POINT (-60384.47854437569 5599457.958273329),2024-05-20_18-09-47
51efdb8e-1a1b-4712-9c26-7eea7c4886ef,False,0.86021507,POINT (-63747.66300022208 5593814.722564273),2024-05-20_18-09-47
c6bcd551-19c1-40f5-bcab-62405467c7ec,False,0.7419355,POINT (-63918.20446011738 5597019.686146438),2024-05-20_18-09-47
79114a25-05e6-4b98-90b2-2b492eca57db,False,0.68817204,POINT (-63503.20539844005 5596779.788656626),2024-05-20_18-09-47
cc8084a8-37a3-450e-87d2-2d9ed58cca73,False,0.41935483,POINT (-65448.402180561716 5594066.626717343),2024-05-20_18-09-47
a6c62d94-2e3a-4064-982d-b8a17afe5f72,False,0.32258064,POINT (-63983.215042740645 5596197.341517091),2024-05-20_18-09-47
9fec4f6b-edfc-4f86-a176-3c13706de727,False,0.76344085,POINT (-62300.17566143715 5600309.812614164),2024-05-20_18-09-47
3c2d4e82-7ef2-47c2-8a4a-6ed2e04761d8,False,0.68817204,POINT (-65882.10291669231 5597614.433281085),2024-05-20_18-09-47
b891b636-0cf4-4764-b547-2aa6dd22fb5b,False,0.68817204,POINT (-62318.98865538121 5596420.739314899),2024-05-20_18-09-47
14db74e1-07a1-4e28-98c8-0539f08b8fe5,False,0.827957,POINT (-63903.844245805034 5596721.856250654),2024-05-20_18-09-47
2312145e-cc6d-475a-8d41-6f2227e8061e,False,0.8494624,POINT (-63979.31886056289 5596841.960431908),2024-05-20_18-09-47
cdec8bf2-3433-4e88-8ba0-99fb7ae79b27,False,0.23655914,POINT (-63990.78476811459 5596847.298432535),2024-05-20_18-09-47
8190e8e8-6a23-43d8-a7b2-964d6272261e,False,0.8172043,POINT (-64572.206468527846 5596408.336903187),2024-05-20_18-09-47
483030b8-ff10-4ca1-83fc-ed14406155d2,False,0.9247312,POINT (-64433.83634147181 5594379.594045315),2024-05-20_18-09-47
e780d3a3-c8b3-484d-81ce-8cb19eb953f6,False,0.43010753,POINT (-63909.29890085391 5596704.429501942),2024-05-20_18-09-47
6669115c-a7af-4eae-be80-ae620f360d2d,False,0.7311828,POINT (-64251.940293515596 5596511.010545386),2024-05-20_18-09-47
3416d68d-0f8f-4993-8d62-c7a38dda6b7d,False,0.58064514,POINT (-63915.53279233833 5596705.5284851035),2024-05-20_18-09-47
70d44223-389f-405e-88a9-e6e9f7c58e96,False,0.4516129,POINT (-63065.2745216593 5594855.186989646),2024-05-20_18-09-47
600b40ed-760c-4aa5-8dd8-63cb4a2dfaf9,False,0.72043014,POINT (-64201.401244695466 5599166.015599562),2024-05-20_18-09-47
72553af0-f7af-4dcf-8910-ee21162cf894,False,0.48387095,POINT (-64790.72662895505 5596100.950917492),2024-05-20_18-09-47
b4f5f47a-b7af-4789-bbb1-114b04d41f85,False,0.67741936,POINT (-63564.76507684872 5602582.130868082),2024-05-20_18-09-47
31b32f40-a87e-4ddb-a923-13673594d42d,False,0.76344085,POINT (-62663.299840404805 5594084.205337471),2024-05-20_18-09-47
2218f343-1431-46cf-945c-d36ccf3a044e,False,0.8817204,POINT (-65320.16212716786 5599767.500042363),2024-05-20_18-09-47
83cc2ccc-e5da-4447-898e-f7426c9bd3e3,False,0.22580644,POINT (-62213.79173658157 5594670.283527884),2024-05-20_18-09-47
dbdcd49b-31cd-40e2-8001-ed8a4e79310a,False,0.827957,POINT (-64163.441298334954 5596993.780679111),2024-05-20_18-09-47
1f3dd6f6-b162-43d8-a67f-93e7f4ddd6ad,False,0.43010753,POINT (-64560.29528301297 5596444.288244694),2024-05-20_18-09-47
6e5cfaf9-d8dc-4ed5-8023-f516cb73211c,False,0.67741936,POINT (-63931.228840540185 5597038.369529533),2024-05-20_18-09-47
d37b8e5b-a08e-4281-b3c1-e62e23172a98,False,0.40860215,POINT (-63571.66688527791 5593592.016883132),2024-05-20_18-09-47
72c507fd-dcc0-4020-85f5-2debf5f2ab57,False,0.49462366,POINT (-63528.02964488695 5596783.870628762),2024-05-20_18-09-47
6e4ecc03-9084-4420-8c8e-65b1ad0a9040,False,0.2795699,POINT (-62874.02763647646 5595082.475879355),2024-05-20_18-09-47
14773c8d-a672-44e7-bf1e-21cf120d3467,False,0.09677419,POINT (-62885.27090504658 5595080.592246307),2024-05-20_18-09-47
0bf892b8-f831-4d2f-8da4-8265916d9e2f,False,0.6666667,POINT (-63809.77927608472 5594912.322609695),2024-05-20_18-09-47
acc6bf3e-e6e9-4e0a-9f84-75cf485ca234,False,0.31182796,POINT (-61943.61933242628 5594370.176615681),2024-05-20_18-09-47
242a3a56-884a-4c0c-9190-b8fed0289dce,False,0.6666667,POINT (-66478.33010938107 5595081.534062782),2024-05-20_18-09-47
e3fb8c17-23fb-464b-8cf7-84d950f08676,False,0.50537634,POINT (-64012.38074932848 5598719.560981807),2024-05-20_18-09-47
08c53af4-8acd-404a-8b7d-ec876573243b,False,0.6236559,POINT (-63764.917521295036 5595984.624216376),2024-05-20_18-09-47
463ceac5-f7fd-4e93-8f9f-bf1cdeaa981f,False,0.33333334,POINT (-66683.82588938547 5595828.582380851),2024-05-20_18-09-47
